csv,num
liste_themes_principaux-quotidiens.csv,2
liste_themes_hebdomadaires.csv,3
liste_themes_feuilles-de-tranchee.csv,4
liste_themes_resistance-principaux-titres.csv,5
liste_themes_resistance-zone-sud.csv,6
liste_themes_resistance-zone-interdite-et-reservee.csv,7
liste_themes_resistance-zone-alsace-moselle.csv,8
liste_themes_resistance-empire-francais.csv,9
liste_themes_resistance-region-parisienne.csv,10
liste_themes_resistance-zone-nord.csv,11
liste_themes_anciens-combattants.csv,12
liste_themes_faits-divers.csv,13
liste_themes_presse-artistique.csv,14
liste_themes_presse-coloniale.csv,15
liste_themes_presse-culinaire.csv,16
liste_themes_presse-d'annonces.csv,17
liste_themes_presse-de-cinema.csv,18
liste_themes_presse-de-loisirs.csv,19
liste_themes_presse-de-mode.csv,20
liste_themes_presse-de-musique.csv,21
liste_themes_presse-de-spectacles.csv,22
liste_themes_presse-des-immigrations.csv,23
liste_themes_presse-economique.csv,24
liste_themes_presse-enfantine.csv,25
liste_themes_journaux-d'entreprise.csv,26
liste_themes_presse-financiere.csv,27
liste_themes_presse-par-secteur-d'activites.csv,28
liste_themes_annuaires-professionnels.csv,29
liste_themes_presse-feminine.csv,30
liste_themes_presse-feministe.csv,31
liste_themes_presse-litteraire.csv,32
liste_themes_presse-medicale.csv,33
liste_themes_presse-ouvriere.csv,34
liste_themes_presse-politique-revolution-empire.csv,35
liste_themes_presse-politique-restauration-second-empire.csv,36
liste_themes_presse-3e-republique.csv,37
liste_themes_presse-professionnelle.csv,38
liste_themes_presse-religieuse.csv,39
liste_themes_presse-satirique.csv,40
liste_themes_presse-scientifique.csv,41
liste_themes_presse-syndicale.csv,42
