"ark","titre"
"cb32701958w","
Argis soissonnais (L'). Supplément illustré"
"cb32707956n","
Avenir agricole (L')"
"cb327279295","
Bulletin du Syndicat agricole de la circonscription du Comice de Laon"
"cb32754685q","
Défense des travailleurs (La)"
"cb32763943k","
Eclaireur de l'Aisne (L')"
"cb32765469c","
Égalité de Saint-Quentin et de l'Aisne (L')"
"cb32827032r","
Le Nouvelliste de La Fère, Tergnier, Saint-Gobain..."
"cb328412250","
Populaire de l'Aisne (Le)"
"cb328530928","
République picarde (La)"
